sample_id,File Name,Img number,cell num,cell label,cell area,agg area,nuc area,jaccard,cell aspect ratio,cell circularity,agg aspect ratio,agg circularity
E3,E3_048plate3.tif,1,0,10,2085,409,349,0.19616306954436452,1.244,0.802,inf,0.159
E3,E3_048plate3.tif,1,1,106,2362,507,206,0.21464860287891618,2.234,0.527,2.982,0.204
E3,E3_048plate3.tif,1,2,184,3088,259,428,0.08387305699481866,1.936,0.712,inf,0.35366666666666663
E3,E3_048plate3.tif,1,3,319,3680,71,460,0.019293478260869565,1.168,0.82,inf,0.16533333333333333
E3,E3_048plate3.tif,1,4,398,878,18,192,0.02050113895216401,1.367,0.727,1.932,1.078
E3,E3_048plate3.tif,1,5,414,1126,155,308,0.13765541740674955,1.45,0.812,inf,8.722333333333333
E3,E3_048plate3.tif,1,6,423,1089,17,460,0.015610651974288337,1.125,0.872,inf,0.5105
E3,E3_048plate3.tif,1,7,457,1096,0,228,0.0,1.789,0.773,0.0,0.0
E3,E3_048plate3.tif,1,8,526,2069,117,165,0.05654905751570807,3.652,0.401,2.583666666666667,9.873666666666667
E3,E3_048plate3.tif,1,9,542,1125,34,519,0.030222222222222223,1.174,0.808,4.430250000000001,7.846
E3,E3_048plate3.tif,1,10,588,1236,52,247,0.042071197411003236,1.262,0.829,2.8310000000000004,0.8575
E3,E3_048plate3.tif,1,11,729,895,205,236,0.22905027932960895,1.635,0.833,2.6005,0.5385
E3,E3_048plate3.tif,1,12,761,2018,0,475,0.0,1.634,0.725,0.0,0.0
E3,E3_048plate3.tif,1,13,771,3648,791,210,0.2168311403508772,2.312,0.577,1.508,1.6744999999999999
E3,E3_048plate3.tif,1,14,795,1519,196,573,0.12903225806451613,1.231,0.803,inf,0.3045
E3,E3_048plate3.tif,1,15,824,798,122,151,0.15288220551378445,1.276,0.843,1.366,0.201
E3,E3_048plate3.tif,1,16,897,1531,328,357,0.21423905943827565,1.028,0.914,1.213,0.146
E3,E3_055plate2.tif,2,0,166,789,140,221,0.17743979721166034,1.116,0.918,1.887,0.325
E3,E3_055plate2.tif,2,1,208,1702,167,243,0.09811985898942421,1.627,0.713,inf,0.49300000000000005
E3,E3_055plate2.tif,2,2,220,1158,4,251,0.0034542314335060447,1.208,0.832,2.618,2.58
E3,E3_055plate2.tif,2,3,294,2595,325,207,0.1252408477842004,3.165,0.547,1.882,0.267
E3,E3_088plate1.tif,3,0,67,677,229,183,0.33825701624815363,1.267,0.792,inf,0.1165
E3,E3_088plate1.tif,3,1,82,466,67,276,0.14377682403433475,1.665,0.645,1.734,0.596
E3,E3_088plate1.tif,3,2,228,602,195,82,0.3239202657807309,1.463,0.802,inf,0.6213333333333334
E3,E3_088plate1.tif,3,3,231,664,98,129,0.14759036144578314,1.479,0.814,3.352,0.595
E3,E3_088plate1.tif,3,4,233,809,125,74,0.15451174289245984,1.452,0.741,1.442,0.364
E3,E3_088plate1.tif,3,5,240,529,23,5,0.043478260869565216,1.183,0.778,1.684,1.064
E3,E3_088plate1.tif,3,6,306,426,171,83,0.4014084507042254,1.009,0.922,inf,0.3145
E3,E3_088plate1.tif,3,7,338,316,79,80,0.25,1.247,0.913,1.422,0.639
E3,E3_088plate1.tif,3,8,339,1234,391,217,0.31685575364667745,1.867,0.643,inf,0.0308
E3,E3_088plate1.tif,3,9,350,985,257,102,0.2609137055837564,1.28,0.853,inf,0.0965
E3,E3_088plate1.tif,3,10,371,1034,335,112,0.3239845261121857,1.595,0.795,2.228,0.263
E3,E3_088plate1.tif,3,11,407,1005,94,166,0.09353233830845771,1.24,0.751,1.078,0.915
E3,E3_088plate1.tif,3,12,419,1264,802,42,0.634493670886076,1.305,0.786,1.164,0.52
E3,E3_088plate1.tif,3,13,445,2111,212,539,0.1004263382283278,2.4,0.57,inf,1.243857142857143
E3,E3_088plate1.tif,3,14,446,2126,214,132,0.1006585136406397,1.62,0.242,1.3455,1.2225000000000001
E3,E3_088plate1.tif,3,15,448,1018,416,112,0.4086444007858546,1.621,0.831,1.399,0.336
E3,E3_089plate1.tif,4,0,221,976,250,210,0.25614754098360654,1.46,0.867,inf,0.365
E3,E3_089plate1.tif,4,1,228,1562,0,166,0.0,1.247,0.779,0.0,0.0
E3,E3_089plate1.tif,4,2,242,854,169,107,0.19789227166276346,1.286,0.798,inf,0.9917999999999999
E3,E3_089plate1.tif,4,3,246,673,17,289,0.02526002971768202,1.647,0.682,inf,0.9188333333333333
E3,E3_089plate1.tif,4,4,250,749,275,189,0.3671562082777036,1.166,0.92,1.177,0.213
E3,E3_089plate1.tif,4,5,251,1432,140,220,0.09776536312849161,1.233,0.824,3.4162,6.3056
E3,E3_089plate1.tif,4,6,256,799,340,192,0.425531914893617,1.234,0.898,1.084,0.292
E3,E3_089plate1.tif,4,7,274,340,11,81,0.03235294117647059,1.448,0.839,3.172,1.225
E3,E3_089plate1.tif,4,8,284,1033,552,170,0.5343659244917716,1.187,0.888,1.21,0.557
E3,E3_115plate4.tif,5,0,146,4059,57,207,0.014042867701404288,1.159,0.678,1.5643333333333331,1.4106666666666667
E3,E3_115plate4.tif,5,1,209,5346,361,186,0.06752712308267864,1.458,0.79,1.4635,0.6719999999999999
E3,E3_115plate4.tif,5,2,227,9211,185,318,0.02008468135924438,2.211,0.619,inf,1.3087999999999995
E3,E3_115plate4.tif,5,3,268,9351,642,384,0.06865575874238049,1.248,0.726,1.39225,1.6905000000000001
E3,E3_115plate4.tif,5,4,270,3618,100,209,0.027639579878385848,1.258,0.777,inf,0.57275
E3,E3_115plate4.tif,5,5,275,3508,364,308,0.10376282782212087,1.299,0.851,inf,2.007
E3,E3_115plate4.tif,5,6,308,4869,186,182,0.03820086260012323,1.288,0.75,inf,0.6372
E3,E3_116plate4.tif,6,0,11,6784,530,269,0.078125,1.965,0.599,1.881,0.69925
E3,E3_116plate4.tif,6,1,134,5205,893,442,0.17156580211335254,1.795,0.645,inf,3.968
E3,E3_116plate4.tif,6,2,204,5758,677,309,0.11757554706495311,1.297,0.598,inf,3.5133999999999994
E3,E3_116plate4.tif,6,3,211,3719,327,168,0.08792686205969347,1.832,0.624,1.546,0.7689999999999999
E3,E3_116plate4.tif,6,4,214,9399,12,478,0.0012767315671879987,2.03,0.557,1.732,1.437
E3,E3_116plate4.tif,6,5,277,3108,87,270,0.027992277992277992,1.37,0.798,1.856,0.758
E3,E3_117plate4.tif,7,0,20,15283,6,486,0.00039259307727540407,1.651,0.588,inf,1.571
E3,E3_117plate4.tif,7,1,28,9458,66,448,0.0069782194967223515,1.179,0.755,2.0562857142857145,1.6857142857142855
E3,E3_117plate4.tif,7,2,33,2494,0,147,0.0,1.835,0.736,0.0,0.0
E3,E3_117plate4.tif,7,3,55,2673,6,270,0.002244668911335578,1.739,0.663,1.633,2.094
E3,E3_117plate4.tif,7,4,57,5504,0,297,0.0,1.443,0.621,0.0,0.0
E3,E3_117plate4.tif,7,5,113,4723,0,235,0.0,1.968,0.312,0.0,0.0
E3,E3_117plate4.tif,7,6,138,6739,404,367,0.05994954741059504,1.577,0.606,inf,0.40780000000000005
E3,E3_117plate4.tif,7,7,139,2194,523,202,0.23837739288969917,1.356,0.755,inf,3.1825
E3,E3_117plate4.tif,7,8,148,2069,0,236,0.0,2.241,0.647,0.0,0.0
E3,E3_117plate4.tif,7,9,180,19132,1616,814,0.08446581643320092,1.631,0.71,inf,1.4538000000000002
E3,E3_117plate4.tif,7,10,191,6440,2,307,0.00031055900621118014,1.098,0.51,inf,0.0
E3,E3_117plate4.tif,7,11,193,12411,177,370,0.014261542180323905,1.634,0.685,inf,3.399636363636364
E3,E3_117plate4.tif,7,12,213,5261,5,261,0.0009503896597605018,1.822,0.356,1.732,2.317
E3,E3_117plate4.tif,7,13,239,3081,434,459,0.14086335605322947,1.497,0.833,inf,1.221
E3,E3_117plate4.tif,7,14,241,1799,0,189,0.0,1.638,0.542,0.0,0.0
E3,E3_117plate4.tif,7,15,256,2865,501,531,0.17486910994764399,1.862,0.547,inf,1.7901666666666667
E3,E3_117plate4.tif,7,16,304,3152,38,226,0.012055837563451776,1.179,0.424,1.5457500000000002,1.7247500000000002
E3,E3_117plate4.tif,7,17,308,2166,79,247,0.03647276084949215,1.832,0.674,inf,0.257
E3,E3_117plate4.tif,7,18,337,3201,0,169,0.0,2.883,0.533,0.0,0.0
E3,E3_117plate4.tif,7,19,342,6536,0,429,0.0,2.834,0.427,0.0,0.0
E3,E3_117plate4.tif,7,20,345,3124,0,426,0.0,3.274,0.33,0.0,0.0
E3,E3_117plate4.tif,7,21,351,2988,210,441,0.07028112449799197,1.23,0.288,inf,1.3329
E3,E3_117plate4.tif,7,22,356,9113,43,396,0.004718533962471195,1.283,0.577,inf,6.078625
E3,E3_141plate5.tif,8,0,50,3009,0,313,0.0,1.401,0.818,0.0,0.0
E3,E3_141plate5.tif,8,1,107,3920,1218,293,0.3107142857142857,1.028,0.862,inf,0.1175
E3,E3_141plate5.tif,8,2,124,6684,505,301,0.07555356074207062,1.434,0.61,3.4613333333333336,0.5276666666666666
E3,E3_141plate5.tif,8,3,153,3768,37,456,0.009819532908704883,1.448,0.747,inf,0.8814
E3,E3_141plate5.tif,8,4,156,1695,0,384,0.0,1.292,0.813,0.0,0.0
E3,E3_141plate5.tif,8,5,158,2239,0,216,0.0,1.212,0.787,0.0,0.0
E3,E3_141plate5.tif,8,6,186,3469,576,288,0.1660420870567887,1.821,0.665,2.0913999999999997,0.8141999999999999
E3,E3_141plate5.tif,8,7,192,1902,0,403,0.0,1.135,0.706,0.0,0.0
E3,E3_141plate5.tif,8,8,193,4209,117,322,0.027797576621525304,1.332,0.725,inf,0.9165000000000001
E3,E3_141plate5.tif,8,9,199,3045,412,178,0.13530377668308702,1.385,0.515,inf,1.0174999999999998
E3,E3_141plate5.tif,8,10,201,6502,4,739,0.0006151953245155337,1.593,0.671,inf,0.0
E3,E3_141plate5.tif,8,11,214,6127,16,311,0.0026113921984658073,1.443,0.493,inf,0.34325
E3,E3_141plate5.tif,8,12,218,1886,48,306,0.02545068928950159,1.629,0.529,inf,0.423
E3,E3_141plate5.tif,8,13,220,2095,108,174,0.051551312649164675,1.236,0.602,inf,1.1498333333333333
E3,E3_141plate5.tif,8,14,234,2446,0,327,0.0,1.206,0.799,0.0,0.0
E3,E3_141plate5.tif,8,15,243,3809,632,259,0.1659228143869782,1.482,0.754,1.385,0.177
E3,E3_141plate5.tif,8,16,270,2229,3,203,0.0013458950201884253,1.754,0.699,1.732,3.234
E3,E3_141plate5.tif,8,17,315,998,118,215,0.11823647294589178,1.307,0.836,1.508,0.258
E3,E3_141plate5.tif,8,18,326,10614,0,564,0.0,1.932,0.713,0.0,0.0
E3,E3_141plate5.tif,8,19,331,13587,102,837,0.007507175977036874,1.177,0.735,inf,0.37687499999999996
E3,E3_141plate5.tif,8,20,349,996,90,277,0.09036144578313253,1.522,0.807,inf,10.34625
E3,E3_141plate5.tif,8,21,350,3411,0,916,0.0,1.562,0.761,0.0,0.0
E3,E3_141plate5.tif,8,22,353,5719,393,298,0.06871830739639798,1.35,0.766,inf,1.0097058823529412
E3,E3_141plate5.tif,8,23,354,763,18,167,0.023591087811271297,1.387,0.741,1.639,1.115
E3,E3_141plate5.tif,8,24,357,3487,15,203,0.004301691998852882,1.961,0.683,inf,0.6705
E3,E3_141plate5.tif,8,25,374,2389,20,360,0.008371703641691083,1.162,0.792,inf,7.46075
E3,E3_141plate5.tif,8,26,392,7589,294,355,0.038740281987086574,1.176,0.726,1.446,1.3895
E3,E3_141plate5.tif,8,27,395,28709,89,1585,0.003100073147793375,1.199,0.464,inf,1.5673333333333332
E3,E3_141plate5.tif,8,28,397,3100,239,297,0.07709677419354839,1.178,0.809,2.006125,1.5505
E3,E3_141plate5.tif,8,29,400,3623,327,301,0.0902566933480541,1.175,0.666,inf,1.3592727272727272
E3,E3_141plate5.tif,8,30,410,2722,3,248,0.0011021307861866275,1.695,0.649,inf,37.699
E3,E3_141plate5.tif,8,31,413,2816,0,266,0.0,1.432,0.793,0.0,0.0
E3,E3_141plate5.tif,8,32,461,6966,12,360,0.0017226528854435831,1.781,0.677,1.369,1.508
E3,E3_141plate5.tif,8,33,467,4001,488,371,0.12196950762309422,1.288,0.796,2.838,13.0035
E3,E3_141plate5.tif,8,34,518,2060,217,215,0.10533980582524272,1.739,0.594,1.801,0.43
E3,E3_141plate5.tif,8,35,523,4388,250,351,0.05697356426618049,2.261,0.318,2.0837142857142856,0.9872857142857142
E3,E3_141plate5.tif,8,36,533,7499,82,344,0.010934791305507402,1.368,0.553,inf,1.6322857142857141
E3,E3_141plate5.tif,8,37,534,1583,2,265,0.0012634238787113076,1.125,0.777,inf,0.0
E3,E3_141plate5.tif,8,38,580,3870,350,281,0.09043927648578812,2.124,0.643,2.4355714285714285,1.5755714285714286
E3,E3_141plate5.tif,8,39,586,3396,68,278,0.020023557126030624,2.216,0.382,inf,0.4565
E3,E3_143plate5.tif,10,0,65,4731,399,302,0.08433734939759036,1.572,0.715,inf,0.094
E3,E3_143plate5.tif,10,1,96,3325,115,226,0.03458646616541353,2.061,0.535,inf,1.0728
E3,E3_143plate5.tif,10,2,114,2821,248,247,0.08791208791208792,1.296,0.749,inf,1.2706000000000002
E3,E3_143plate5.tif,10,3,133,1330,2,355,0.0015037593984962407,1.067,0.929,inf,0.0
E3,E3_143plate5.tif,10,4,148,5619,443,262,0.0788396511834846,1.235,0.774,2.348,0.8755
E3,E3_143plate5.tif,10,5,157,4715,447,221,0.09480381760339343,1.548,0.734,2.317,0.599
E3,E3_143plate5.tif,10,6,219,2683,357,231,0.13306000745434216,1.841,0.724,2.403,0.3185
